,Name,English Score
0,Joshua Pearson,20
1,Tommy Cole,41
2,John Brock,31
3,Steven Byrd,18
4,Jose Anderson,59
5,Larry Acevedo,34
6,Whitney Stephenson,26
7,Joshua Williams,26
8,Kimberly Kelley,54
9,Timothy Long,48
10,Samantha Hudson,40
11,Robert Young,34
12,Thomas Rasmussen,26
13,Michael Bush,58
14,John Watson,22
15,Leslie Lester,51
16,Alexis English,38
17,Mr. James Brewer,37
18,Dawn Ramos,22
19,Heather Moran,51
20,Travis Hutchinson,43
21,Joseph Ferguson,29
22,Gail Williams,55
23,Danielle Mcclure,45
24,Deborah Chase,47
25,Andrew Wood,53
26,Deborah Harrison,50
27,Ashley Gay,32
28,John Herrera,26
29,James Campbell,38
30,Ashley Miller,46
31,Mary Andrews,53
32,Brett Stevenson,21
33,Robert Murphy,31
34,Tiffany Young,63
35,Donald Martinez,24
36,Michelle Preston,38
37,Jennifer Collins,28
38,Sandra Roberson,25
39,Danny Thompson,52
40,Ashley Conrad,62
41,Anthony Anderson,39
42,Holly Lynn,28
43,Angela Lane,59
44,Robert Ramos,55
45,Greg Silva,44
46,Carolyn Sanders,20
47,Christopher Moran,35
48,Adam Jackson,55
49,Jeffrey Berry,55
50,Christian Hall,30
51,Christina Mejia,62
52,Victor Miller,55
53,Cody Reynolds,37
54,Christopher Cline,60
55,Jennifer Gibson,56
56,Kenneth Smith,41
57,Grant Munoz,60
58,Isaac Davis,60
59,Charles Scott,30
60,Michael Franklin,30
61,John Curry,22
62,Scott Mcclain,44
63,Patricia Harris,32
64,Justin Singh,32
65,Miss Courtney Lee PhD,18
66,Samantha Hopkins,37
67,Dr. Julie Davis,55
68,Kevin Brown,56
69,Eric Edwards,18
70,Jennifer Daniels,22
71,Melissa Mcdonald,34
72,Tammy Estrada,38
73,Jeffrey Stephens,22
74,Melissa Jones,41
75,Robert Hudson,52
76,Kathryn Parker,42
77,Philip Fisher,26
78,Lauren Carr,55
79,Anthony Soto,49
80,Lindsey Robinson,61
81,Nathan Chase Jr.,41
82,Travis Williams,35
83,Paul Reed,46
84,William Horton,30
85,Sheri Day,32
86,David Walsh,50
87,Olivia Taylor,26
88,Annette Mclaughlin,44
89,Danielle Gray,48
90,Mr. Antonio Fernandez MD,54
91,Jack Wagner,59
92,Diana Hughes,24
93,Nicholas Garrison,45
94,Gwendolyn Todd,54
95,Sheila Aguilar,55
96,Brittany Poole,19
97,Alicia Taylor,32
98,Ann Santos,52
99,Anthony Murphy,39
