,Name,Email,Age,Gender,City,Country,Math Score,Science Score
0,Joshua Pearson,ronaldlewis@example.com,44.0,Other,North Scottbury,Montserrat,10.0,22
1,Tommy Cole,swatson@example.com,53.0,Male,Lake Loganburgh,Equatorial Guinea,4.0,15
2,John Brock,georgesteven@example.org,50.0,Female,Ericchester,Sierra Leone,2.0,63
3,Steven Byrd,jessejenkins@example.net,34.0,Other,New Scotthaven,Sao Tome and Principe,57.0,86
4,Jose Anderson,vmcclain@example.net,55.0,Female,East Miafort,Germany,100.0,75
5,Larry Acevedo,nancyhawkins@example.com,58.0,Other,Morrismouth,Cuba,57.0,57
6,Whitney Stephenson,tim04@example.net,53.0,Female,Sandraburgh,Lesotho,67.0,85
7,Joshua Williams,daniellebenton@example.net,60.0,Male,Lake Nicole,Grenada,,69
8,Kimberly Kelley,larry05@example.com,43.0,Female,Port Joshua,Russian Federation,97.0,46
9,Timothy Long,sethmontgomery@example.net,21.0,Female,North Brandonberg,Niger,76.0,13
10,Samantha Hudson,taylorcatherine@example.org,44.0,Male,North Cory,Bahrain,29.0,3
11,Robert Young,charleskristen@example.net,23.0,Other,East Nathanhaven,Nicaragua,28.0,96
12,Thomas Rasmussen,briankelly@example.com,37.0,Female,Pearsonchester,Saint Kitts and Nevis,88.0,18
13,Michael Bush,jason66@example.com,57.0,Female,Michaelton,Martinique,34.0,73
14,John Watson,josephhess@example.com,,Female,Lake Benjaminfort,Croatia,57.0,90
15,Leslie Lester,ebrooks@example.com,39.0,Other,Dianeville,Hong Kong,29.0,50
16,Alexis English,robinsonmartin@example.net,61.0,Other,Calderonborough,Croatia,94.0,73
17,Mr. James Brewer,benjamingreen@example.com,55.0,Other,Palmerville,Kenya,27.0,5
18,Dawn Ramos,kestes@example.net,39.0,Female,Castilloton,Montserrat,93.0,81
19,Heather Moran,oharris@example.com,24.0,Other,Chrismouth,Saint Kitts and Nevis,0.0,80
20,Travis Hutchinson,tweiss@example.net,37.0,Other,Youngstad,Saudi Arabia,2.0,51
21,Joseph Ferguson,nortiz@example.com,26.0,Other,Campbellhaven,Netherlands,95.0,79
22,Gail Williams,jonescassandra@example.com,63.0,Female,South Leroy,Timor-Leste,27.0,0
23,Danielle Mcclure,landerson@example.org,62.0,Female,South Kimberly,Cayman Islands,1.0,17
24,Deborah Chase,felicia21@example.com,22.0,Other,Murphyside,Singapore,32.0,82
25,Andrew Wood,jacquelineboyle@example.org,36.0,Male,Lake Leroyfurt,Estonia,7.0,61
26,Deborah Harrison,billfrederick@example.com,36.0,Other,New Michael,Tokelau,63.0,57
27,Ashley Gay,paul97@example.net,22.0,Other,Romeromouth,Christmas Island,12.0,64
28,John Herrera,jjohnson@example.net,46.0,Other,Whitneyberg,Saint Helena,2.0,50
29,James Campbell,lopeznathan@example.net,45.0,Other,Port Matthewburgh,Singapore,98.0,14
30,Ashley Miller,xfuller@example.org,57.0,Other,Lake Jenniferton,Somalia,51.0,63
31,Mary Andrews,jennifer84@example.com,53.0,Female,Lake Ashley,Palau,100.0,35
32,Brett Stevenson,smithnathaniel@example.net,35.0,Other,New Thomas,Western Sahara,3.0,69
33,Robert Murphy,mayangela@example.net,62.0,Female,Jacobchester,Egypt,65.0,77
34,Tiffany Young,pmelendez@example.net,57.0,Female,Waltersstad,Mauritius,84.0,55
35,Donald Martinez,alexis13@example.com,21.0,Male,Woodmouth,Bermuda,2.0,18
36,Michelle Preston,bradleyjeffrey@example.com,57.0,Other,Thomasbury,Myanmar,77.0,39
37,Jennifer Collins,frederick27@example.com,21.0,Female,West Douglasmouth,Malawi,55.0,70
38,Sandra Roberson,erinlopez@example.org,60.0,Male,Mccarthyfurt,Rwanda,66.0,1
39,Danny Thompson,oromero@example.net,58.0,Other,New Julietown,Czech Republic,6.0,46
40,Ashley Conrad,trevor31@example.org,49.0,Other,West Brian,Kyrgyz Republic,6.0,50
41,Anthony Anderson,whitetammy@example.net,58.0,Male,Conleyland,Armenia,84.0,79
42,Holly Lynn,melissa05@example.org,53.0,Other,Edwardshire,Belize,90.0,24
43,Angela Lane,samanthahancock@example.net,43.0,Other,Munozchester,Northern Mariana Islands,87.0,19
44,Robert Ramos,ofrancis@example.org,47.0,Female,New Gregory,Brunei Darussalam,10.0,75
45,Greg Silva,renee64@example.net,40.0,Male,Michaelland,Macedonia,51.0,33
46,Carolyn Sanders,alanstephens@example.com,45.0,Male,Leefurt,Madagascar,95.0,96
47,Christopher Moran,richard80@example.org,30.0,Other,Leeton,Bermuda,49.0,88
48,Adam Jackson,eric31@example.net,28.0,Other,Salazarbury,Bhutan,36.0,51
49,Jeffrey Berry,loribrown@example.com,55.0,Female,Port Josephchester,Saint Kitts and Nevis,47.0,93
50,Christian Hall,xbanks@example.org,25.0,Female,Courtneymouth,French Southern Territories,65.0,18
51,Christina Mejia,ccline@example.net,58.0,Other,Port Ericport,Norfolk Island,90.0,22
52,Victor Miller,edwardthomas@example.net,54.0,Female,Hillberg,Liechtenstein,29.0,38
53,Cody Reynolds,wrightdarren@example.org,40.0,Female,Karenside,Indonesia,5.0,58
54,Christopher Cline,franklinkeith@example.org,40.0,Male,East Richard,Tuvalu,13.0,91
55,Jennifer Gibson,randyedwards@example.org,39.0,Female,Laneland,Pakistan,92.0,100
56,Kenneth Smith,elliottcheryl@example.com,43.0,Other,East Jadebury,Korea,95.0,71
57,Grant Munoz,jason23@example.com,53.0,Other,Snowville,Turkmenistan,73.0,73
58,Isaac Davis,plucas@example.org,26.0,Male,Coltonstad,United States of America,27.0,72
59,Charles Scott,avilarick@example.org,46.0,Male,Parkerland,Mongolia,86.0,54
60,Michael Franklin,ofrye@example.com,46.0,Male,Lake Gary,British Indian Ocean Territory (Chagos Archipelago),90.0,60
61,John Curry,leeanna@example.net,25.0,Male,Rebeccastad,Oman,,96
62,Scott Mcclain,wstewart@example.com,21.0,Female,Sueview,Svalbard & Jan Mayen Islands,24.0,78
63,Patricia Harris,paul54@example.org,54.0,Male,Port Stephen,Mexico,41.0,25
64,Justin Singh,kimberlyramos@example.com,60.0,Female,Lake Travis,Dominican Republic,0.0,93
65,Miss Courtney Lee PhD,ginaward@example.com,46.0,Female,Juanfort,Myanmar,44.0,94
66,Samantha Hopkins,ndavis@example.com,44.0,Male,South Marychester,Argentina,2.0,45
67,Dr. Julie Davis,pittmanalisha@example.org,53.0,Other,New Jeremiahshire,New Caledonia,27.0,56
68,Kevin Brown,oalvarez@example.org,64.0,Other,Taraborough,Lebanon,77.0,69
69,Eric Edwards,ksharp@example.com,50.0,Male,Davisview,Guam,,25
70,Jennifer Daniels,lisavillarreal@example.org,22.0,Male,Port Andrew,Liberia,79.0,28
71,Melissa Mcdonald,heatherhall@example.com,53.0,Male,Mccarthybury,Turkmenistan,,6
72,Tammy Estrada,angela56@example.com,54.0,Female,Hillside,Korea,20.0,75
73,Jeffrey Stephens,robertmartinez@example.net,54.0,Female,East Ann,Singapore,37.0,66
74,Melissa Jones,wisejohn@example.org,49.0,Other,West Jamesburgh,Saint Barthelemy,17.0,0
75,Robert Hudson,usalazar@example.com,44.0,Female,Port Angelashire,Uzbekistan,34.0,39
76,Kathryn Parker,sbradford@example.org,21.0,Other,Lake Cassandra,Svalbard & Jan Mayen Islands,32.0,43
77,Philip Fisher,armstrongjohn@example.org,51.0,Male,North Kellyfort,Angola,24.0,42
78,Lauren Carr,garrettsean@example.com,37.0,Female,Jessicaberg,Argentina,31.0,5
79,Anthony Soto,danielle43@example.org,37.0,Male,Mccartyberg,Kuwait,9.0,12
80,Lindsey Robinson,nicholasclark@example.org,65.0,Male,South Kevin,Honduras,79.0,11
81,Nathan Chase Jr.,david85@example.net,44.0,Female,South Anthonyside,Uruguay,75.0,25
82,Travis Williams,scarter@example.com,24.0,Other,North Crystalport,Jordan,77.0,29
83,Paul Reed,lawrencepatrick@example.net,37.0,Other,East Timothyport,Swaziland,43.0,80
84,William Horton,melissabrown@example.net,33.0,Male,Amandaborough,Guam,35.0,62
85,Sheri Day,susan40@example.org,31.0,Male,Mcdonaldshire,Mexico,85.0,54
86,David Walsh,jennifersanders@example.org,54.0,Male,Port Vincentside,Afghanistan,78.0,9
87,Olivia Taylor,rhodesaustin@example.net,53.0,Female,North Jeffreyborough,Reunion,58.0,55
88,Annette Mclaughlin,lopeznicholas@example.org,41.0,Female,Joshuaport,Burkina Faso,21.0,14
89,Danielle Gray,cherylnewman@example.net,51.0,Female,Tiffanyfurt,Papua New Guinea,93.0,54
90,Mr. Antonio Fernandez MD,dakotakelley@example.org,29.0,Male,Pamelabury,Palestinian Territory,11.0,42
91,Jack Wagner,shoffman@example.net,64.0,Other,East Megan,Kazakhstan,72.0,31
92,Diana Hughes,chad40@example.org,26.0,Male,Lake Kathryn,Thailand,24.0,33
93,Nicholas Garrison,emilycoleman@example.net,29.0,Male,Anneport,Anguilla,83.0,63
94,Gwendolyn Todd,morseanne@example.net,46.0,Female,New Kevinland,Cape Verde,97.0,89
95,Sheila Aguilar,rsmith@example.com,22.0,Other,East Adam,Gabon,24.0,1
96,Brittany Poole,joshuatorres@example.org,61.0,Female,Thomaschester,Nepal,9.0,8
97,Alicia Taylor,janice39@example.com,58.0,Female,Patelberg,Saint Martin,83.0,100
98,Ann Santos,janet15@example.org,18.0,Female,Lake Dana,Mauritania,88.0,99
99,Anthony Murphy,dustin05@example.net,24.0,Male,New Scottville,Libyan Arab Jamahiriya,56.0,90
100,Joshua Pearson,ronaldlewis@example.com,44.0,Other,North Scottbury,Montserrat,10.0,22
101,Tommy Cole,swatson@example.com,53.0,Male,Lake Loganburgh,Equatorial Guinea,4.0,15
102,John Brock,georgesteven@example.org,50.0,Female,Ericchester,Sierra Leone,2.0,63
103,Steven Byrd,jessejenkins@example.net,34.0,Other,New Scotthaven,Sao Tome and Principe,57.0,86
104,Jose Anderson,vmcclain@example.net,55.0,Female,East Miafort,Germany,100.0,75
105,Larry Acevedo,nancyhawkins@example.com,58.0,Other,Morrismouth,Cuba,57.0,57
106,Whitney Stephenson,tim04@example.net,53.0,Female,Sandraburgh,Lesotho,67.0,85
107,Joshua Williams,daniellebenton@example.net,60.0,Male,Lake Nicole,Grenada,,69
108,Kimberly Kelley,larry05@example.com,43.0,Female,Port Joshua,Russian Federation,97.0,46
109,Timothy Long,sethmontgomery@example.net,21.0,Female,North Brandonberg,Niger,76.0,13
